,fileName,Artifacts Available,Artifacts Evaluated & Functional,Artifacts Evaluated & Reusable,Best Artifact,Best Industry Paper,Best Paper,Best Student Paper,Distinguished Paper,Results Reproduced
0,198429.198433,1,0,1,0,0,0,0,0,0
1,3368089.3409755,1,1,1,0,0,0,0,0,0
2,2701.356110,1,0,1,0,0,0,0,0,0
3,ICSE.2019.00030,1,0,1,0,0,0,0,0,0
4,305658.287652,1,0,1,0,0,0,0,0,0
5,155743.155767,1,0,1,0,0,0,0,0,0
6,2898349,1,0,1,0,0,0,0,0,0
7,3377555.3377888,1,0,1,0,0,0,0,0,1
8,3095076,1,0,1,0,0,0,0,0,0
9,3437801.3441617,1,0,1,0,0,0,0,0,1
10,3136014.3136018,1,1,0,0,0,0,0,0,0
11,45054.356231,1,0,1,0,0,0,0,0,0
12,3208903.3208941,1,1,1,0,0,0,0,0,0
13,3293883.3295731,1,0,1,0,0,0,0,0,1
14,3314221.3314596,1,1,0,0,0,0,0,0,0
15,3385412.3386004,1,1,1,0,0,0,0,0,0
16,3452296.3472932,1,0,0,0,0,0,0,0,0
17,3471874.3472980,1,0,0,0,0,0,0,0,0
18,ICSE.2019.00067,1,0,1,0,0,0,0,0,0
19,3384441.3395990,1,0,1,0,0,0,0,0,0
20,3377811.3380440,1,0,0,0,0,0,0,0,0
21,2331130.2331137,1,0,1,0,0,0,0,0,0
22,356022.356027,1,0,1,0,0,0,0,0,0
23,3386367.3431315,1,1,0,0,0,1,0,0,0
24,569147.569151,1,0,1,0,0,0,0,0,0
25,2700586,1,0,1,0,0,0,0,0,0
26,SC.2018.00015,1,0,0,0,0,0,0,0,0
27,3453483.3454029,1,1,0,0,0,0,0,0,0
28,3446804.3446854,1,0,1,0,0,0,0,0,1
29,5960.214319,1,0,1,0,0,0,0,0,0
30,3368089.3409726,1,1,1,0,0,0,0,0,0
31,151271.151277,1,0,1,0,0,0,0,0,0
32,3365438.3410943,1,0,1,0,0,0,0,0,0
33,3341301.3359638,1,1,0,0,0,1,0,0,0
34,3385412.3386015,1,1,1,0,0,0,0,0,0
35,3293883.3295728,1,0,1,0,0,1,0,0,1
36,229473.229475,1,0,1,0,0,0,0,0,0
37,2699467,1,0,1,0,0,0,0,0,0
38,1163641.1163646,1,0,1,0,0,0,0,0,0
39,3387902.3392632,1,0,1,0,0,0,0,0,1
40,78928.78932,1,0,1,0,0,0,0,0,0
41,3445814.3446754,1,1,0,0,0,0,0,0,1
42,SC.2018.00049,1,0,0,0,0,0,0,0,0
43,3384441.3395984,1,0,1,0,0,0,0,0,0
44,1527286.1527291,1,0,1,0,0,0,0,0,0
45,3387902.3392630,1,1,1,0,0,0,0,0,0
46,3213846.3213872,1,0,1,0,0,0,0,0,0
47,3236024.3236061,1,1,1,0,0,0,0,0,0
48,3460319.3464827,1,0,0,0,0,0,0,0,0
49,3365438.3410964,1,0,0,0,0,0,0,0,0
50,3468264.3468589,1,0,0,0,0,0,0,1,0
51,3155744,1,0,1,0,0,0,0,0,0
52,3293883.3295726,1,0,1,0,0,0,0,0,1
53,279232.279234,1,0,1,0,0,0,0,0,0
54,3468264.3468557,1,0,1,0,0,0,0,0,0
55,3447786.3456255,1,1,0,0,0,0,0,0,1
56,3155338,1,1,0,0,0,0,0,0,1
57,3445814.3446743,1,1,0,0,0,0,0,0,1
58,CGO51591.2021.9370315,1,0,1,0,0,0,0,0,1
59,3365438.3410936,1,0,1,0,0,0,0,0,0
60,6497.214326,1,0,1,0,0,0,0,0,0
61,SC.2018.00004,1,0,0,0,0,0,0,0,0
62,3200921.3200942,1,1,0,0,0,0,0,0,0
63,962437.962444,1,0,1,0,0,0,0,0,0
64,3445814.3446712,1,1,0,0,0,0,0,0,1
65,3061709,1,0,1,0,0,0,0,0,0
66,3372885.3373835,1,0,0,0,0,0,0,0,0
67,1067967.1067970,1,0,1,0,0,0,0,0,0
68,3468264.3468598,1,0,1,0,0,0,0,0,0
69,3236024.3236041,1,1,0,0,0,0,0,0,0
70,1356052.1356057,1,0,1,0,0,0,0,0,0
71,779359.779360,1,0,1,0,0,0,0,0,0
72,3072959.3054739,1,0,0,0,0,0,0,0,0
73,3460319.3464837,1,0,1,0,0,0,0,0,0
74,3339825.3394930,1,0,0,0,0,0,0,0,0
75,3368089.3409745,1,0,0,0,0,0,0,0,0
76,357456.357462,1,0,1,0,0,0,0,0,0
77,ICSE.2019.00075,1,0,1,0,0,0,0,0,0
78,3447786.3456262,1,0,0,0,0,0,0,0,0
79,3136014.3136037,1,1,0,0,0,0,0,0,0
80,3293882.3330550,1,1,1,0,0,0,0,0,0
81,3426428.3426917,1,0,0,0,0,0,0,0,0
82,3377811.3380384,1,0,1,0,0,0,0,0,0
83,3089248,1,0,1,0,0,0,0,0,0
84,2450153.2450159,1,0,1,0,0,0,0,0,0
85,3365438.3410939,1,0,1,0,0,0,0,0,0
86,3395351.3399343,1,1,0,0,0,0,0,0,1
87,ICSE.2019.00108,1,0,1,0,0,0,0,0,0
88,SC.2018.00069,1,0,0,0,0,0,0,0,0
89,2890491,1,0,1,0,0,0,0,0,0
90,3192366.3192400,1,1,0,0,0,0,0,0,0
91,2701.356108,1,0,1,0,0,0,0,0,0
92,2513109.2513117,1,0,1,0,0,0,0,0,0
93,138351.138378,1,0,1,0,0,0,0,0,0
94,3377555.3377901,1,0,1,0,0,0,0,0,1
95,3437801.3441592,1,0,1,0,0,0,0,0,1
96,63522.214390,1,0,1,0,0,0,0,0,0
97,2750675.2750679,1,0,0,0,0,0,0,0,0
98,3332466.3374537,1,1,0,0,0,0,0,0,1
99,3385412.3385981,1,1,1,0,0,0,0,0,0
100,292395.292399,1,0,1,0,0,0,0,0,0
101,ICSE.2019.00072,1,0,0,0,0,0,0,0,0
102,3304109.3306222,1,1,0,0,0,0,1,0,0
103,326147.326153,1,0,1,0,0,0,0,0,0
104,SC.2018.00072,1,0,0,0,0,0,0,0,0
105,3083187.3083214,1,0,0,0,0,0,0,0,0
106,3358960.3379128,1,0,1,0,0,0,0,0,0
107,3385412.3386019,1,1,0,0,0,0,0,0,0
108,232826.232856,1,0,1,0,0,0,0,0,0
109,3341301.3359629,1,1,0,0,0,0,0,0,0
110,3119904,1,0,1,0,0,0,0,0,0
111,3453483.3454041,1,1,1,0,0,0,0,0,0
112,3377811.3380409,1,0,0,0,0,0,0,0,0
113,356022.356028,1,0,1,0,0,0,0,0,0
114,502800.502803,1,0,1,0,0,0,0,0,0
115,3468264.3468578,1,1,0,0,0,0,0,0,0
116,3368089.3409723,1,1,1,0,0,0,0,0,0
117,3293880.3294105,1,0,0,0,0,0,0,0,0
118,3204949.3204964,1,0,0,0,0,0,0,0,0
119,2168773.2168780,1,0,1,0,0,0,0,0,0
120,3338906.3338916,1,0,1,0,0,0,0,0,0
121,3461648.3463852,1,1,0,0,0,0,0,0,1
122,1236463.1236469,1,0,1,0,0,0,0,0,0
123,214392.214395,1,0,1,0,0,0,0,0,0
124,358407.358424,1,0,1,0,0,0,0,0,0
125,3281411.3281432,1,0,0,0,0,0,0,0,0
126,1055531.1055538,1,0,1,0,0,0,0,0,0
127,3368089.3409743,1,1,0,0,0,0,0,0,0
128,29380.214346,1,0,1,0,0,0,0,0,0
129,285861.285866,1,0,1,0,0,0,0,0,0
130,CGO51591.2021.9370323,1,1,0,0,0,0,0,0,1
131,3072959.2983617,1,0,0,0,0,0,0,0,0
132,42288.42290,1,0,1,0,0,0,0,0,0
133,356012.356018,1,0,1,0,0,0,0,0,0
134,3453483.3454097,1,1,1,0,0,0,0,0,0
135,210232.210235,1,0,1,0,0,0,0,0,0
136,1268769.1268774,1,0,1,0,0,0,0,0,0
137,3468264.3468596,1,0,1,0,0,0,0,0,0
138,3453483.3454072,1,1,1,0,0,0,0,0,0
139,3368089.3409684,1,0,0,0,0,0,0,0,0
140,5960.214318,1,0,1,0,0,0,0,0,0
141,3061664,1,0,1,0,0,0,0,0,0
142,355972.355982,1,0,1,0,0,0,0,0,0
143,358407.358427,1,0,1,0,0,0,0,0,0
144,ICSE.2019.00046,1,0,1,0,0,0,0,0,0
145,305658.305737,1,0,1,0,0,0,0,0,0
146,3377811.3380348,1,0,1,0,0,0,0,0,0
147,356056.356066,1,0,1,0,0,0,0,0,0
148,3314221.3314600,1,1,0,0,0,0,0,0,0
149,3304109.3325814,1,1,0,0,0,0,0,0,0
150,CGO51591.2021.9370317,1,1,0,0,0,0,0,0,1
151,3395363.3397385,1,1,0,0,0,0,0,0,0
152,3213846.3213851,1,1,0,0,0,0,0,0,0
153,3136014.3136016,1,1,0,0,0,0,0,0,0
154,225545.225553,1,0,1,0,0,0,0,0,0
155,3136014.3136032,1,1,0,0,0,0,0,0,0
156,ICSE.2019.00125,1,0,0,0,0,0,0,0,0
157,174603.174407,1,0,1,0,0,0,0,0,0
158,347837.347852,1,0,1,0,0,0,0,0,0
159,3178487.3178507,1,0,1,0,0,0,0,0,1
160,1039813.1039820,1,0,1,0,0,0,0,0,0
161,6497.356167,1,0,1,0,0,0,0,0,0
162,353474.353484,1,0,1,0,0,0,0,0,0
163,3377813.3381358,1,0,1,0,0,0,0,0,0
164,3452296.3472890,1,0,0,0,0,0,0,0,0
165,3437992.3439931,1,0,0,0,0,0,0,0,0
166,3357766.3359545,1,1,0,0,0,0,0,0,0
167,3460319.3464834,1,0,0,0,0,0,0,0,0
168,3437801.3441624,1,1,0,0,0,0,0,0,1
169,3157735,1,0,1,0,0,0,0,0,0
170,3377811.3380438,1,0,1,0,0,0,0,0,0
171,3447786.3456233,1,1,0,0,0,0,0,0,1
172,3168813,1,1,0,0,0,0,0,0,1
173,3304109.3325817,1,0,0,0,0,0,0,0,0
174,SC.2018.00064,1,0,0,0,0,0,0,0,0
175,2699471,1,0,1,0,0,0,0,0,0
176,1186785.1186790,1,0,1,0,0,0,0,0,0
177,3377811.3380360,1,0,0,0,0,0,0,0,0
178,3178487.3178489,1,0,1,0,0,0,0,0,1
179,3339825.3394929,1,0,0,0,0,0,0,0,0
180,962437.962443,1,0,1,0,0,0,0,0,0
181,3385412.3386018,1,1,1,0,0,0,0,0,0
182,3083187.3083218,1,0,0,0,0,0,0,0,0
183,3395363.3397360,1,1,1,0,0,0,0,0,0
184,198429.198438,1,0,1,0,0,0,0,0,0
185,3168824,1,0,1,0,0,1,0,0,1
186,2168773.2168779,1,0,1,0,0,0,0,0,0
187,3236024.3236073,1,1,0,0,0,0,0,0,0
188,214392.214393,1,0,1,0,0,0,0,0,0
189,1824801.1824812,1,0,1,0,0,0,0,0,0
190,1268776.1268782,1,0,1,0,0,0,0,0,0
191,3204949.3204961,1,0,0,0,0,0,1,0,0
192,3460319.3464823,1,1,0,0,0,0,0,0,0
193,3384441.3395983,1,0,1,0,0,0,0,0,0
194,3386367.3431297,1,0,0,0,0,0,0,0,0
195,3446804.3446850,1,0,1,0,0,0,0,0,1
196,2591005,1,0,1,0,0,0,0,0,0
197,3083187.3083210,1,0,0,0,0,0,0,0,0
198,3453483.3454105,1,1,0,0,0,0,0,0,0
199,3185467.3185498,1,1,0,0,0,0,0,0,0
200,3453483.3454102,1,1,1,0,0,0,0,0,0
201,3368826.3377913,1,1,0,0,0,0,0,0,0
202,275323.275328,1,0,1,0,0,0,0,0,0
203,3377811.3380372,1,0,1,0,0,0,0,0,0
204,SC.2018.00013,1,0,0,0,0,0,0,0,0
205,3200921.3200933,1,1,0,0,0,0,0,0,1
206,50063.51906,1,0,1,0,0,0,0,0,0
207,3092703.3092723,1,1,0,0,0,0,0,0,0
208,2834115,1,0,1,0,0,0,0,0,0
209,3446804.3446846,1,0,1,0,0,0,0,0,1
210,2845076,1,0,1,0,0,0,0,0,0
211,3332466.3374547,1,1,0,0,0,0,0,0,1
212,3276604.3276618,1,1,0,0,0,0,0,0,0
213,3310165.3310176,1,0,0,0,0,0,0,0,0
214,3377811.3380323,1,0,1,0,0,0,0,0,0
215,210089.210090,1,0,1,0,0,0,0,0,0
216,1391989.1404581,1,0,1,0,0,0,0,0,0
217,203082.203088,1,0,1,0,0,0,0,0,0
218,178365.178391,1,0,1,0,0,0,0,0,0
219,3200921.3200931,1,0,1,0,0,0,0,0,1
220,3238147.3238197,1,0,0,0,0,0,0,0,0
221,3314221.3314645,1,1,0,0,0,0,0,0,0
222,2818313,1,0,1,0,0,0,0,0,0
223,3377811.3380441,1,0,1,0,0,0,0,0,0
224,2701.356100,1,0,1,0,0,0,0,0,0
225,3385412.3386000,1,1,0,0,0,0,0,0,0
226,3453483.3454068,1,1,0,0,0,0,0,0,0
227,2591004,1,0,1,0,0,0,0,0,0
228,1824801.1824814,1,0,1,0,0,0,0,0,0
229,CGO51591.2021.9370337,1,0,1,0,0,0,0,0,1
230,3460319.3464807,1,1,0,0,0,0,0,0,0
231,3460319.3464841,1,0,1,0,0,0,0,0,0
232,ICSE.2019.00120,1,0,1,0,0,0,0,0,0
233,3274808.3274825,1,1,0,0,0,0,0,0,0
234,232826.232846,1,0,1,0,0,0,0,0,0
235,3453483.3454055,1,1,0,0,0,0,0,0,0
236,3437801.3441598,1,1,0,0,0,0,0,0,0
237,131766.131772,1,0,1,0,0,0,0,0,0
238,1322436.1322441,1,0,1,0,0,0,0,0,0
239,3445814.3446709,1,1,0,0,0,0,0,0,1
240,356004.356010,1,0,1,0,0,0,0,0,0
241,3204949.3204953,1,0,0,0,0,0,0,0,0
242,3368089.3409729,1,0,0,0,0,0,0,0,0
243,3445814.3446765,1,1,0,0,0,0,0,0,1
244,3293882.3330577,1,1,0,0,0,0,0,0,0
245,3437992.3439926,1,0,0,0,0,0,0,0,0
246,3230718.3230729,1,0,0,0,0,0,0,0,0
247,1391989.1391995,1,0,1,0,0,0,0,0,0
248,214392.214396,1,0,1,0,0,0,0,0,0
249,210089.210091,1,0,1,0,0,0,0,0,0
250,1916461.1916470,1,0,1,0,0,0,0,0,0
251,3368089.3409748,1,1,1,0,0,0,0,1,0
252,2882903.2882961,1,0,0,0,0,0,0,0,1
253,ICSE.2019.00123,1,0,0,0,0,0,0,0,0
254,264029.264059,1,0,1,0,0,0,0,0,0
255,200979.200987,1,0,1,0,0,0,0,0,0
256,1141885.1141895,1,0,1,0,0,0,0,0,0
257,3236024.3236029,1,1,1,0,0,0,0,0,0
258,3236024.3236026,1,1,1,0,0,0,0,0,0
259,98267.98291,1,0,1,0,0,0,0,0,0
260,3211332.3211334,1,0,1,0,0,0,0,0,1
261,3452296.3472902,1,1,0,0,0,0,0,0,1
262,1206040.1206048,1,0,1,0,0,0,0,0,0
263,3468264.3468547,1,0,1,0,0,0,0,0,0
264,SC.2018.00065,1,0,0,0,0,0,0,0,0
265,6187.6195,1,0,1,0,0,0,0,0,0
266,SC.2018.00035,1,0,0,0,0,0,0,0,0
267,3453483.3454090,1,1,1,0,0,0,0,0,0
268,3341301.3359646,1,1,0,0,0,0,0,0,0
269,2616971,1,0,1,0,0,0,0,0,0
270,3406088.3409019,1,0,0,0,0,0,0,0,0
271,3368089.3409758,1,1,1,0,0,0,0,0,0
272,3368089.3409757,1,1,0,0,0,0,0,0,0
273,2049662.2049668,1,0,1,0,0,0,0,0,0
274,2427023.2427032,1,0,1,0,0,0,0,0,0
275,3447786.3456252,1,1,0,0,0,0,0,0,0
276,SC.2018.00036,1,0,0,0,0,0,0,0,0
277,50063.214387,1,0,1,0,0,0,0,0,0
278,3461001.3471150,1,0,1,0,0,0,0,0,0
279,3446804.3446849,1,0,1,0,0,0,0,0,1
280,174603.174410,1,0,1,0,0,0,0,0,0
281,357456.357461,1,0,1,0,0,0,0,0,0
282,3447786.3456249,1,1,0,0,0,0,0,0,1
283,3178487.3178488,1,0,1,0,0,0,0,0,1
284,3373376.3378482,1,0,1,0,0,0,0,0,0
285,3178487.3178498,1,0,1,0,0,0,0,0,1
286,3293882.3330562,1,1,1,0,0,0,0,0,0
287,290200.290219,1,0,1,0,0,0,0,0,0
288,3453483.3454111,1,1,1,0,0,0,0,0,0
289,3293883.3295734,1,0,1,0,0,0,0,0,1
290,152613.152618,1,0,1,0,0,0,0,0,0
291,50063.51908,1,0,1,0,0,0,0,0,0
292,3426422.3426984,1,0,0,0,0,0,0,0,0
293,3386367.3431303,1,1,1,0,0,0,0,0,0
294,3453483.3454066,1,1,0,0,0,0,0,0,0
295,3167088,1,0,0,0,0,0,0,0,0
296,279232.279231,1,0,1,0,0,0,0,0,0
297,356044.356052,1,0,1,0,0,0,0,0,0
298,3453483.3454073,1,1,0,0,0,0,0,0,0
299,992200.992208,1,0,1,0,0,0,0,0,0
300,3208903.3208909,1,1,1,0,0,0,0,0,0
301,355993.355999,1,0,1,0,0,0,0,0,0
302,3385412.3386007,1,1,1,0,0,0,0,0,0
303,3445814.3446714,1,1,0,1,0,0,0,0,1
304,3445814.3446734,1,1,0,0,0,0,0,0,1
305,3238147.3238177,1,0,0,0,0,0,0,0,0
306,3338906.3338911,1,0,1,0,0,0,0,1,0
307,3377811.3380419,1,0,1,0,0,0,0,0,0
308,3083723,1,0,0,0,0,0,0,0,0
309,1486525.1486531,1,0,1,0,0,0,0,0,0
310,3083187.3083215,1,0,0,0,0,0,0,0,0
311,3332466.3374523,1,1,0,0,0,0,0,0,1
312,3377555.3377902,1,1,0,0,0,0,0,0,1
313,3373376.3378468,1,1,0,0,0,0,0,0,0
314,3452296.3472926,1,1,0,0,0,0,0,0,1
315,356056.356064,1,0,1,0,0,0,0,0,0
316,CGO51591.2021.9370307,1,0,1,0,0,0,0,0,1
317,3437801.3441581,1,0,1,0,0,0,0,0,1
318,3461648.3463851,1,0,1,0,0,0,0,0,1
319,3314221.3314627,1,1,0,0,0,0,0,0,0
320,168173.168405,1,0,1,0,0,0,0,0,0
321,3368089.3409767,1,1,1,0,0,0,0,1,0
322,1391989.1391994,1,0,1,0,0,0,0,0,0
323,3437801.3441604,1,0,1,0,0,0,0,0,1
324,CGO51591.2021.9370334,1,1,0,0,0,0,0,0,1
325,3437992.3439934,1,0,0,0,0,0,0,0,0
326,2882903.2915251,1,0,0,0,0,0,0,0,1
327,2998499,1,0,1,0,0,0,0,0,1
328,3368089.3409737,1,1,1,0,0,0,0,0,0
329,356022.356030,1,0,1,0,0,0,0,0,0
330,3167091,1,0,0,0,0,0,0,0,0
331,1377612.1377617,1,0,1,0,0,0,0,0,0
332,114697.116807,1,0,1,0,0,0,0,0,0
333,3460319.3464810,1,0,1,0,0,0,0,1,0
334,6187.6193,1,0,1,0,0,0,0,0,0
335,3377811.3380398,1,0,1,0,0,0,0,0,0
336,3452296.3472904,1,1,0,0,0,0,0,0,1
337,1114268.1114277,1,0,1,0,0,0,0,0,0
338,7921.214335,1,0,1,0,0,0,0,0,0
339,2701.356103,1,0,1,0,0,0,0,0,0
340,3276604.3276622,1,1,0,0,0,0,0,0,0
341,CGO51591.2021.9370330,1,1,0,0,0,0,0,0,0
342,3206429,1,0,1,0,0,0,0,0,0
343,3368089.3409727,1,1,1,0,0,0,0,0,0
344,3447786.3456243,1,1,0,0,0,0,0,0,0
345,3468264.3468594,1,0,0,0,0,0,0,0,0
346,3276604.3276607,1,1,0,0,0,0,0,0,0
347,3332466.3374526,1,1,0,0,0,0,0,0,1
348,SC.2018.00005,1,0,0,0,0,0,0,0,0
349,3385412.3386025,1,1,0,0,0,0,0,0,0
350,992200.992206,1,0,1,0,0,0,0,0,0
351,356004.356008,1,0,1,0,0,0,0,0,0
352,ICSE.2019.00050,1,0,1,0,0,0,0,0,0
353,3072959.3083723,1,0,0,0,0,0,0,0,0
354,ICSE.2019.00058,1,0,0,0,0,0,0,0,0
355,3377811.3380396,1,0,1,0,0,0,0,0,0
356,ICSE.2019.00039,1,0,0,0,0,0,0,0,0
357,3445814.3446707,1,1,0,0,0,0,0,0,1
358,42288.42292,1,0,1,0,0,0,0,0,0
359,3200921.3200925,1,0,1,0,0,0,0,0,0
360,3358960.3379133,1,0,1,0,0,0,0,0,0
361,3368089.3409697,1,0,0,0,0,0,0,0,0
362,3314221.3314636,1,1,0,0,0,0,0,0,0
363,3446804.3446842,1,0,1,0,0,0,0,0,0
364,3460319.3464796,1,0,1,0,0,0,0,0,0
365,3092703.3092715,1,1,0,0,0,0,0,0,0
366,3437992.3439928,1,0,0,0,0,0,0,0,0
367,1462173.1462178,1,0,1,0,0,0,0,0,0
368,569147.569152,1,0,1,0,0,0,0,0,0
369,3386367.3431306,1,1,1,0,0,0,0,0,0
370,3332466.3374516,1,0,0,0,0,0,0,0,0
371,569147.569150,1,0,1,0,0,0,0,0,0
372,CGO51591.2021.9370310,1,0,1,0,0,0,0,0,1
373,3445814.3446705,1,1,0,0,0,0,0,0,1
374,3447786.3456244,1,1,0,0,0,0,0,0,1
375,3406088.3409014,1,0,0,0,0,0,0,0,0
376,192115.192124,1,0,1,0,0,0,0,0,0
377,2882903.2882964,1,0,0,0,0,0,0,0,1
378,838250.838253,1,0,1,0,0,0,0,0,0
379,3293882.3330573,1,1,1,0,0,0,0,0,0
380,382043.382343,1,0,1,0,0,0,0,0,0
381,3200921.3200943,1,0,1,0,0,0,0,0,1
382,3004053,1,0,1,0,0,0,0,0,0
383,3427763.3428316,1,0,0,0,0,0,0,0,0
384,3427921.3450250,1,1,0,0,0,1,0,0,0
385,3468264.3468571,1,0,1,0,0,0,0,0,0
386,3365438.3410942,1,0,0,0,0,0,0,0,0
387,513001.513006,1,0,1,0,0,0,0,0,0
388,22721.356187,1,0,1,0,0,0,0,0,0
389,3460319.3464845,1,1,0,0,0,0,0,0,0
390,3281411.3281424,1,1,0,0,0,0,0,0,0
391,293686.293687,1,0,1,0,0,0,0,0,0
392,ICSE.2019.00043,1,0,1,0,0,0,0,0,0
393,3332466.3374542,1,1,0,0,0,0,0,0,0
394,3167093,1,0,0,0,0,0,0,0,0
395,SC.2018.00006,1,0,0,0,0,0,0,0,0
396,3395351.3399420,1,1,0,0,0,0,0,0,1
397,3460319.3464819,1,0,1,0,0,0,0,0,0
398,347837.347908,1,0,1,0,0,0,0,0,0
399,200979.201039,1,0,1,0,0,0,0,0,0
400,3341301.3359647,1,1,0,0,0,0,0,0,1
401,3276604.3276616,1,1,0,0,0,0,0,0,0
402,3445814.3446740,1,1,0,0,0,0,0,0,1
403,3426425.3426937,1,1,0,0,0,0,0,0,0
404,3092703.3092711,1,1,0,0,0,0,0,0,0
405,3426425.3426941,1,1,0,0,0,0,0,0,0
406,1132973.1132979,1,0,1,0,0,0,0,0,0
407,3236024.3236038,1,1,1,0,0,0,0,0,0
408,3377811.3380395,1,0,1,0,0,0,0,0,0
409,3358960.3379137,1,0,1,0,0,0,0,0,0
410,3365438.3410954,1,0,0,0,0,0,0,0,0
411,293686.293692,1,0,1,0,0,0,0,0,0
412,838250.838255,1,0,1,0,0,0,0,0,0
413,3386367.3431289,1,1,0,0,0,0,0,0,0
414,3373087.3375296,1,0,1,0,0,0,0,0,1
415,108556.108558,1,0,1,0,0,0,0,0,0
416,3385412.3386026,1,1,0,0,0,0,0,0,0
417,992200.992207,1,0,1,0,0,0,0,0,0
418,79505.79510,1,0,1,0,0,0,0,0,0
419,CGO51591.2021.9370339,1,0,1,0,0,0,0,0,1
420,78928.78934,1,0,1,0,0,0,0,0,0
421,ICSE.2019.00036,1,0,0,0,0,0,0,0,0
422,232826.232850,1,0,1,0,0,0,0,0,0
423,3304109.3325818,1,1,0,0,0,0,0,0,0
424,3453483.3454034,1,1,1,0,0,0,0,0,0
425,3213846.3213870,1,1,0,0,0,0,0,0,0
426,3314221.3314625,1,1,0,0,0,0,0,0,0
427,838250.838256,1,0,1,0,0,0,0,0,0
428,1377603.1377609,1,0,1,0,0,0,0,0,0
429,365723.365736,1,0,1,0,0,0,0,0,0
430,3453483.3454051,1,1,1,0,0,0,0,0,0
431,235815.235816,1,0,1,0,0,0,0,0,0
432,3168821,1,0,1,0,0,0,0,0,1
433,279232.279235,1,0,1,0,0,0,0,0,0
434,SC.2018.00030,1,1,0,0,0,0,0,0,0
435,3426422.3426985,1,0,0,0,0,0,0,0,0
436,62038.214388,1,0,1,0,0,0,0,0,0
437,CGO51591.2021.9370306,1,0,1,0,0,0,0,0,0
438,3452296.3472929,1,1,0,0,0,0,0,0,1
439,3387902.3392635,1,0,0,0,0,0,0,0,0
440,2907054,1,0,1,0,0,0,0,0,0
441,3437801.3441613,1,1,0,0,0,0,0,0,0
442,29380.214348,1,0,1,0,0,0,0,0,0
443,3386367.3431300,1,0,0,0,0,0,0,0,0
444,3340496.3342761,1,0,0,0,0,0,0,0,0
445,3453483.3454026,1,1,1,0,0,0,0,0,0
446,2513109.2513116,1,0,1,0,0,0,0,0,0
447,567806.567811,1,0,1,0,0,0,0,0,0
448,3468264.3468534,1,0,0,0,0,0,0,0,0
449,138351.138359,1,0,1,0,0,0,0,0,0
450,2882903.2882906,1,0,0,0,0,0,0,0,1
451,356044.356054,1,0,1,0,0,0,0,0,0
452,3357766.3359535,1,1,0,0,0,0,0,0,0
453,3377811.3380402,1,0,1,0,0,0,0,0,0
454,3295500.3356201,1,0,0,0,0,0,0,0,0
455,3168815,1,1,0,0,0,0,0,0,1
456,108556.108582,1,0,1,0,0,0,0,0,0
457,3377811.3380401,1,0,0,0,0,0,0,0,0
458,1527286.1527289,1,0,1,0,0,0,0,0,0
459,2988228,1,0,1,0,0,0,0,0,0
460,382043.382316,1,0,1,0,0,0,0,0,0
461,2616912,1,0,1,0,0,0,0,0,0
462,214408.214412,1,0,1,0,0,0,0,0,0
463,3377811.3380921,1,0,1,0,0,0,0,0,0
464,3154392,1,1,0,0,0,0,0,0,1
465,3314221.3314606,1,1,0,0,0,0,0,0,0
466,3468264.3468551,1,0,1,0,0,0,0,1,0
467,1916461.1916468,1,0,1,0,0,0,0,0,0
468,355984.355991,1,0,1,0,0,0,0,0,0
469,1391989.1391993,1,0,1,0,0,0,0,0,0
470,29380.214342,1,0,1,0,0,0,0,0,0
471,3136014.3136027,1,1,0,0,0,0,0,0,0
472,3452296.3472938,1,1,0,0,0,0,0,0,1
473,356056.356062,1,0,1,0,0,0,0,0,0
474,3278532.3278549,1,1,1,0,0,0,0,0,0
475,3281411.3281427,1,0,0,0,0,0,0,0,0
476,356044.356050,1,0,1,0,0,0,0,0,0
477,3054078,1,0,1,0,0,0,0,0,0
478,1206040.1206046,1,0,1,0,0,0,0,0,0
479,168173.168428,1,0,1,0,0,0,0,0,0
480,3468264.3473129,1,0,0,0,0,0,0,0,0
481,232826.232854,1,0,1,0,0,0,0,0,0
482,3461648.3463850,1,0,1,0,0,0,0,0,1
483,3460319.3464826,1,0,1,0,0,0,0,1,0
484,3377811.3380400,1,0,1,0,0,0,0,0,0
485,3314221.3314646,1,1,0,0,0,0,0,0,0
486,2616909,1,0,1,0,0,0,0,0,0
487,3447786.3456261,1,1,0,0,0,0,0,0,1
488,3061665,1,0,1,0,0,0,0,0,0
489,2882903.2882957,1,0,0,0,0,0,0,0,1
490,3338906.3338921,1,0,0,0,0,0,0,0,0
491,3447786.3456239,1,1,0,0,0,0,0,0,0
492,6497.214322,1,0,1,0,0,0,0,0,0
493,355958.355970,1,0,1,0,0,0,0,0,0
494,3293883.3295716,1,0,1,0,0,0,0,0,1
495,3377555.3377892,1,0,1,0,0,0,0,0,0
496,3213846.3213864,1,1,0,0,0,0,0,0,0
497,838250.838257,1,0,1,0,0,0,0,0,0
498,3213232.3213234,1,0,0,0,0,0,0,0,0
499,146847.146923,1,0,1,0,0,0,0,0,0
500,212066.212084,1,0,1,0,0,0,0,0,0
501,3445814.3446693,1,1,0,0,0,0,0,0,1
502,3192366.3192419,1,1,0,0,0,0,0,0,0
503,3385412.3385977,1,1,1,0,0,0,0,0,0
504,3445814.3446757,1,0,0,0,0,0,0,0,0
505,3204949.3204962,1,0,0,0,0,0,0,0,0
506,3054945,1,0,1,0,0,0,0,0,0
507,SC.2018.00019,1,0,0,0,0,0,0,0,0
508,3338906.3338919,1,0,1,0,0,0,0,0,0
509,1644001.1644011,1,0,1,0,0,0,0,0,0
510,3385412.3386027,1,1,1,0,0,0,0,0,0
511,3339825.3394935,1,0,0,0,0,0,0,0,0
512,3425898.3426958,1,0,0,0,0,0,0,0,0
513,CGO51591.2021.9370333,1,0,1,0,0,0,0,0,1
514,3453483.3454106,1,0,0,0,0,0,0,0,0
515,3386367.3431308,1,1,1,0,0,0,0,0,0
516,3314221.3314581,1,1,0,0,0,0,0,0,0
517,3209978.3210014,1,1,1,0,0,0,0,0,0
518,3229762.3229764,1,0,1,0,0,0,0,0,1
519,2049673.2049679,1,0,1,0,0,0,0,0,0
520,3460319.3464829,1,0,0,0,0,0,0,0,0
521,2818312,1,0,1,0,0,0,0,0,0
522,3304109.3325812,1,1,0,0,0,0,0,0,0
523,3368089.3409690,1,0,0,0,0,0,0,0,0
524,3377811.3380338,1,0,1,0,0,0,0,0,0
525,3339825.3394928,1,0,0,0,0,0,0,0,0
526,CGO51591.2021.9370332,1,1,0,0,0,0,0,0,1
527,3365438.3410951,1,0,1,0,1,0,0,0,0
528,3338906.3338912,1,0,1,0,0,0,0,1,0
529,356012.356017,1,0,1,0,0,0,0,0,0
530,3304109.3306228,1,1,0,0,0,0,0,0,0
531,214392.214403,1,0,1,0,0,0,0,0,0
532,3281411.3281419,1,0,0,0,0,0,0,0,0
533,3468264.3468620,1,0,1,0,0,0,0,0,0
534,974781.974786,1,0,1,0,0,0,0,0,0
535,3304109.3325820,1,1,0,0,0,0,0,0,0
536,3453483.3454082,1,1,0,0,0,0,0,0,0
537,1377612.1377620,1,0,1,0,0,0,0,0,0
538,155743.155785,1,0,1,0,0,0,0,0,0
539,1377612.1377619,1,0,1,0,0,0,0,0,0
540,3293883.3295701,1,0,1,0,0,0,0,0,1
541,3446804.3446844,1,1,0,0,0,0,0,0,1
542,275323.275332,1,0,1,0,0,0,0,0,0
543,3368089.3409676,1,0,0,0,0,0,0,0,0
544,3211332.3211336,1,0,1,0,0,0,0,0,1
545,3167085,1,0,0,0,0,0,0,0,0
546,3211852.3211856,1,0,0,0,0,0,0,0,0
547,3387902.3392625,1,0,0,0,0,0,0,0,0
548,3395363.3404540,1,1,0,0,0,0,0,0,0
549,108556.108562,1,0,1,0,0,0,0,0,0
550,3314221.3314637,1,1,0,0,0,0,0,0,0
551,214392.214397,1,0,1,0,0,0,0,0,0
552,198429.198436,1,0,1,0,0,0,0,0,0
553,ICSE.2019.00088,1,0,1,0,0,0,0,0,0
554,3316482.3326344,1,0,1,0,0,0,0,0,1
555,3178487.3178500,1,0,1,0,0,0,0,0,1
556,3083187.3083219,1,0,0,0,0,0,0,0,0
557,3338906.3338936,1,0,1,0,0,0,0,0,0
558,3278532.3278550,1,0,0,0,0,0,0,1,0
559,7921.214334,1,0,1,0,0,0,0,0,0
560,3213846.3213860,1,1,0,0,0,0,0,0,0
561,63522.69649,1,0,1,0,0,0,0,0,0
562,3295500.3356173,1,0,0,0,0,0,0,0,0
563,3395363.3397346,1,1,1,0,0,1,0,0,0
564,1527286.1527290,1,0,1,0,0,0,0,0,0
565,ICSE.2019.00112,1,0,1,0,0,0,0,0,0
566,174603.174412,1,0,1,0,0,0,0,0,0
567,3368089.3409747,1,1,0,0,0,0,0,0,0
568,2491491.2491498,1,0,1,0,0,0,0,0,0
569,3314221.3314609,1,1,0,0,0,0,0,0,0
570,3295500.3356196,1,0,0,0,0,0,0,0,0
571,3377811.3380382,1,0,0,0,0,0,0,0,0
572,42288.214371,1,0,1,0,0,0,0,0,0
573,3385412.3385974,1,1,1,0,0,0,0,0,0
574,1731022.1731033,1,0,1,0,0,0,0,0,0
575,2491491.2491497,1,0,1,0,0,0,0,0,0
576,3332466.3374512,1,1,0,0,0,0,0,0,1
577,2754929,1,0,1,0,0,0,0,0,0
578,3453483.3454075,1,1,1,0,0,0,0,0,0
579,174603.174605,1,0,1,0,0,0,0,0,0
580,1356052.1356056,1,0,1,0,0,0,0,0,0
581,2882903.2882916,1,0,0,0,0,0,0,0,1
582,35078.214351,1,0,1,0,0,0,0,0,0
583,3453483.3454033,1,1,1,0,0,0,0,0,0
584,203082.203090,1,0,1,0,0,0,0,0,0
585,3385412.3385968,1,1,0,0,0,0,0,0,0
586,146847.146921,1,0,1,0,0,0,0,0,0
587,3447786.3456230,1,1,0,0,0,0,0,0,0
588,3358960.3379131,1,0,1,0,0,0,0,0,0
589,3136014.3136019,1,1,0,0,0,0,0,0,0
590,3358960.3379124,1,0,1,0,0,0,0,0,0
591,244768.244770,1,0,1,0,0,0,0,0,0
592,3276604.3276614,1,1,0,0,0,0,0,0,0
593,3293883.3295721,1,0,1,0,0,0,0,0,1
594,151271.151272,1,0,1,0,0,0,0,0,0
595,3468264.3468556,1,0,1,0,0,0,0,0,0
596,62038.69650,1,0,1,0,0,0,0,0,0
597,3192366.3192408,1,1,0,0,0,0,0,0,0
598,3460319.3464811,1,0,1,0,0,0,0,0,0
599,3373376.3378469,1,0,1,0,0,0,0,0,0
600,1824801.1824815,1,0,1,0,0,0,0,0,0
601,155743.155847,1,0,1,0,0,0,0,0,0
602,3387902.3392616,1,0,1,0,0,0,0,0,0
603,357456.357463,1,0,1,0,0,0,0,0,0
604,3377811.3380421,1,0,1,0,0,0,0,0,0
605,3385412.3386029,1,1,1,0,0,0,0,0,0
606,3468264.3468538,1,0,0,0,0,0,0,0,0
607,3453483.3454098,1,1,1,0,0,0,0,0,0
608,1499096.1499101,1,0,1,0,0,0,0,0,0
609,3136014.3136020,1,1,0,0,0,0,0,0,0
610,3437959.3459248,1,1,0,0,0,0,0,0,0
611,3453483.3454104,1,1,1,0,0,0,0,0,0
612,174603.174406,1,0,1,0,0,0,0,0,0
613,3310165.3310168,1,1,0,0,0,0,0,0,0
614,3385412.3386008,1,1,0,0,0,0,0,0,0
615,3453483.3454049,1,1,1,0,0,0,0,0,0
616,SC.2018.00007,1,0,0,0,0,0,0,0,0
617,3468264.3468539,1,0,0,0,0,0,0,0,0
618,3406088.3409027,1,0,0,0,0,0,0,0,0
619,2382585.2382591,1,0,1,0,0,0,0,0,0
620,3445814.3446751,1,1,0,0,0,0,0,0,1
621,3395351.3399362,1,1,0,0,0,0,0,0,1
622,3377555.3377889,1,0,1,0,0,1,0,0,1
623,3136755.3136798,1,0,0,0,0,0,0,0,0
624,3437992.3439930,1,0,0,0,0,0,0,0,0
625,2814567,1,0,1,0,0,0,0,0,0
626,3339825.3394925,1,0,0,0,0,0,0,0,0
627,3387902.3392613,1,0,1,0,0,0,0,0,0
628,3368826.3377927,1,0,1,0,0,1,0,0,1
629,3368089.3409670,1,1,1,0,0,0,0,1,0
630,3437801.3441586,1,1,0,0,0,0,0,0,0
631,3293882.3330564,1,1,0,0,0,0,0,0,0
632,3453483.3454061,1,1,1,0,0,0,0,0,0
633,3445814.3446760,1,1,0,0,0,0,0,0,1
634,2699464,1,0,1,0,0,0,0,0,0
635,2538688,1,0,1,0,0,0,0,0,0
636,3213232.3213235,1,0,0,0,0,0,0,0,0
637,108556.108580,1,0,1,0,0,0,0,0,0
638,3213846.3213849,1,1,0,0,0,0,0,0,0
639,3471874.3472982,1,0,0,0,0,0,0,0,0
640,138351.138370,1,0,1,0,0,0,0,0,0
641,3295500.3356214,1,0,0,0,0,0,0,0,0
642,3368089.3409693,1,0,0,0,0,0,0,0,0
643,1377612.1377618,1,0,1,0,0,0,0,0,0
644,3168808,1,0,1,0,0,0,0,0,1
645,3426425.3426944,1,1,0,0,0,0,0,0,0
646,103147.103148,1,0,1,0,0,0,0,0,0
647,146847.146930,1,0,1,0,0,0,0,0,0
648,3387902.3392628,1,0,0,0,0,0,0,0,1
649,44128.214379,1,0,1,0,0,0,0,0,0
650,2972951,1,0,1,0,0,0,0,0,0
651,1644001.1644010,1,0,1,0,0,0,0,0,0
652,SC.2018.00028,1,0,0,0,0,0,0,0,0
653,3437801.3441605,1,0,1,0,0,0,0,0,1
654,356056.356060,1,0,1,0,0,0,0,0,0
655,3293882.3330556,1,1,0,0,0,0,0,0,0
656,3136014.3136022,1,1,0,0,0,0,0,0,0
657,1731022.1731032,1,0,1,0,0,0,0,0,0
658,356044.356055,1,0,1,0,0,0,0,0,0
659,ICSE.2019.00074,1,0,1,0,0,0,0,0,0
660,3395363.3397362,1,1,1,0,0,0,0,0,0
661,3460319.3464817,1,0,1,0,0,0,0,0,0
662,3178487.3178504,1,0,0,0,0,0,0,0,0
663,3293882.3330552,1,1,1,0,0,0,0,0,0
664,3471874.3472981,1,0,0,0,0,0,0,0,0
665,3365438.3410989,1,0,0,0,0,0,0,0,0
666,3437801.3441602,1,0,1,0,0,0,0,0,1
667,3281411.3281426,1,1,1,0,0,0,0,0,0
668,3385412.3385967,1,1,1,0,0,0,0,1,0
669,3236024.3236028,1,1,1,0,0,0,0,0,0
670,356056.356057,1,0,1,0,0,0,0,0,0
671,151271.151273,1,0,1,0,0,0,0,0,0
672,355958.355968,1,0,1,0,0,0,0,0,0
673,1114268.1114274,1,0,1,0,0,0,0,0,0
674,3445814.3446704,1,1,0,0,0,0,0,0,1
675,3314221.3322484,1,1,0,0,0,0,0,0,0
676,ICSE.2019.00094,1,0,1,0,0,0,0,0,0
677,212066.212071,1,0,1,0,0,0,0,0,0
678,3452296.3472903,1,1,0,0,0,0,0,0,1
679,3385412.3385984,1,1,1,0,0,0,0,0,0
680,7921.214331,1,0,1,0,0,0,0,0,0
681,3468264.3468575,1,0,1,0,0,0,0,0,0
682,3453483.3454110,1,1,1,0,0,0,0,0,0
683,355993.356001,1,0,1,0,0,0,0,0,0
684,3437801.3441611,1,1,0,0,0,0,0,0,1
685,1132973.1132980,1,0,1,0,0,0,0,0,0
686,ICSE.2019.00124,1,0,1,0,0,0,0,0,0
687,504210.504211,1,0,1,0,0,0,0,0,0
688,3054077,1,0,1,0,0,0,0,0,0
689,3468264.3468555,1,0,0,0,0,0,0,0,0
690,3445814.3446713,1,1,0,0,0,0,0,0,1
691,285861.285862,1,0,1,0,0,0,0,0,0
692,146847.146927,1,0,1,0,0,0,0,0,0
693,3445814.3446716,1,1,0,0,0,0,0,0,1
694,1132973.1132981,1,0,1,0,0,0,0,0,0
695,3377811.3380347,1,0,0,0,0,0,0,0,0
696,3338906.3338943,1,0,0,0,0,0,0,0,0
697,3368089.3409761,1,1,1,0,0,0,0,1,0
698,CGO51591.2021.9370305,1,0,1,0,0,0,0,0,1
699,3368089.3409720,1,1,1,0,0,0,0,1,0
700,108556.108585,1,0,1,0,0,0,0,0,0
701,ICSE.2019.00113,1,0,0,0,0,0,0,0,0
702,3385412.3385993,1,0,0,0,0,0,0,0,0
703,192115.192118,1,0,1,0,0,0,0,0,0
704,3372885.3373831,1,0,0,0,0,0,0,0,0
705,3453483.3454107,1,1,1,0,0,0,0,0,0
706,3395351.3399360,1,1,0,0,0,0,0,0,1
707,3365438.3410948,1,0,1,0,0,0,0,0,0
708,3155336,1,1,0,0,0,0,0,0,1
709,3338906.3338924,1,0,1,0,0,0,0,0,0
710,1377596.1377601,1,0,1,0,0,0,0,0,0
711,3453483.3454101,1,0,0,0,0,0,0,0,0
712,3395363.3397353,1,1,1,0,0,0,0,0,0
713,3373376.3378476,1,0,0,0,0,0,0,0,0
714,3437801.3441614,1,1,0,0,0,0,0,0,1
715,151271.151279,1,0,1,0,0,0,0,0,0
716,3314221.3314649,1,1,0,0,0,0,0,0,0
717,3452296.3472887,1,1,0,0,0,0,0,0,1
718,1824801.1824813,1,0,1,0,0,0,0,0,0
719,3453483.3454057,1,1,1,0,0,0,0,0,0
720,3448300.3468228,1,1,0,0,0,0,0,0,1
721,3276604.3276612,1,1,0,0,0,0,0,0,0
722,3377811.3380416,1,0,0,0,0,0,0,0,0
723,SC.2018.00033,1,0,0,0,0,0,0,0,0
724,3238147.3240478,1,0,0,0,0,0,0,0,0
725,1322436.1322442,1,0,1,0,0,0,0,0,0
726,3385412.3386036,1,1,1,0,0,0,0,0,0
727,305658.305745,1,0,1,0,0,0,0,0,0
728,3448300.3468287,1,1,0,0,0,0,0,0,1
729,ICSE.2019.00109,1,0,1,0,0,0,0,0,0
730,3377815.3381380,1,0,1,0,0,0,0,0,0
731,SC.2018.00077,1,0,0,0,0,0,0,0,0
732,3338906.3338968,1,0,0,0,0,0,0,0,0
733,504210.504214,1,0,1,0,0,0,0,0,0
734,3192366.3192415,1,1,0,0,0,0,0,0,0
735,3460319.3464813,1,0,1,0,0,0,0,0,0
736,3368089.3409671,1,1,1,0,0,0,0,0,0
737,ICSE.2019.00082,1,0,0,0,0,0,0,0,0
738,3276604.3276982,1,1,0,0,0,0,0,0,0
739,3083187.3083213,1,0,0,0,0,0,0,0,0
740,192115.192146,1,0,1,0,0,0,0,0,0
741,3460319.3464806,1,0,1,0,0,0,0,0,0
742,3452296.3472888,1,1,0,0,0,0,0,0,1
743,3281411.3281425,1,1,0,0,0,0,0,0,0
744,3385412.3385996,1,1,0,0,0,0,0,0,0
745,45054.45058,1,0,1,0,0,0,0,0,0
746,232826.232858,1,0,1,0,0,0,0,0,0
747,3230718.3232629,1,1,1,0,0,0,0,0,0
748,29380.214343,1,0,1,0,0,0,0,0,0
749,3338906.3338979,1,0,0,0,0,0,0,0,0
750,1067967.1067972,1,0,1,0,0,0,0,0,0
751,2735626,1,0,1,0,0,0,0,0,0
752,3385412.3385978,1,1,1,0,0,0,0,0,0
753,3460319.3464809,1,0,0,0,0,0,0,0,0
754,1024074.1024080,1,0,1,0,0,0,0,0,0
755,98267.98289,1,0,1,0,0,0,0,0,0
756,3200921.3200930,1,0,1,0,0,0,0,0,1
757,3461648.3463847,1,0,1,0,0,0,0,0,1
758,1644001.1644012,1,0,1,0,0,0,0,0,0
759,3293883.3295714,1,1,0,0,0,0,0,0,1
760,2168773.2168781,1,0,1,0,0,0,0,0,0
761,1163641.1163647,1,0,1,0,0,0,0,0,0
762,2699466,1,0,1,0,0,0,0,0,0
763,3332466.3374525,1,0,0,0,0,0,0,0,1
764,3192366.3192411,1,1,0,0,0,0,0,0,0
765,2559993,1,0,1,0,0,0,0,0,0
766,108556.108566,1,0,1,0,0,0,0,0,0
767,2699462,1,0,1,0,0,0,0,0,0
768,3445814.3446694,1,1,0,0,0,0,0,0,1
769,3208903.3210278,1,1,1,0,0,0,0,0,0
770,SC.2018.00029,1,0,0,0,0,0,0,0,0
771,3339825.3394939,1,0,0,0,0,0,0,0,0
772,3368089.3409742,1,1,1,0,0,0,0,0,0
773,3452296.3472915,1,1,0,0,0,0,0,0,1
774,2513109.2513114,1,0,1,0,0,0,0,0,0
775,3147.214316,1,0,1,0,0,0,0,0,0
776,ICSE.2019.00091,1,0,1,0,0,0,0,0,0
777,3437801.3441601,1,1,0,0,0,0,0,0,0
778,328512.328520,1,0,1,0,0,0,0,0,0
779,3453483.3454071,1,1,1,0,0,0,0,0,0
780,264029.264038,1,0,1,0,0,0,0,0,0
781,3373376.3378474,1,1,0,0,0,0,0,0,0
782,3437801.3441594,1,0,0,0,0,0,0,0,0
783,2882903.2915244,1,0,0,0,0,0,0,0,1
784,3056528,1,0,1,0,0,0,0,0,0
785,3236024.3236065,1,1,1,0,0,0,0,0,0
786,2794077,1,0,1,0,0,0,0,0,0
787,3453483.3454100,1,1,0,0,0,0,0,0,0
788,2701.356105,1,0,1,0,0,0,0,0,0
789,SC.2018.00044,1,0,0,0,0,0,0,0,0
790,3168822,1,0,1,0,0,0,0,0,1
791,ICSE.2019.00052,1,0,1,0,0,0,0,0,0
792,3387902.3392626,1,0,0,0,0,0,0,0,0
793,1326548.1326553,1,0,1,0,0,0,0,0,0
794,2527267,1,0,1,0,0,0,0,0,0
795,3373087.3375310,1,0,1,0,0,0,0,0,1
796,3468264.3468559,1,0,0,0,0,0,0,0,0
797,3437801.3441579,1,0,1,0,0,0,0,0,1
798,3453483.3454056,1,1,0,0,0,0,0,0,0
799,3204949.3204959,1,0,0,0,0,0,0,0,0
800,2382585.2382590,1,0,1,0,0,0,0,0,0
801,ICSE.2019.00055,1,0,1,0,0,0,0,0,0
802,SC.2018.00031,1,0,0,0,0,0,0,0,0
803,3147.214314,1,0,1,0,0,0,0,0,0
804,3357766.3359530,1,1,0,0,0,0,0,0,0
805,3332466.3374541,1,0,0,0,0,0,0,0,0
806,3386367.3431292,1,1,0,0,0,0,0,0,0
807,3453483.3454070,1,1,1,0,0,0,0,0,0
808,3437801.3441593,1,0,0,0,0,0,0,0,0
809,3054739,1,0,0,0,0,0,0,0,0
810,3386367.3431309,1,1,0,0,0,0,0,0,0
811,2983617,1,0,0,0,0,0,0,0,0
812,3377811.3380326,1,0,1,0,0,0,0,0,0
813,3281411.3281421,1,1,1,0,0,0,0,0,0
814,114697.116808,1,0,1,0,0,0,0,0,0
815,3368826.3377905,1,1,0,0,0,0,0,0,1
816,45054.214375,1,0,1,0,0,0,0,0,0
817,3445814.3446731,1,1,0,0,0,0,0,0,1
818,356068.356070,1,0,1,0,0,0,0,0,0
819,3338906.3338907,1,0,1,0,0,0,0,0,0
820,3373376.3378496,1,1,0,0,0,0,0,0,0
821,3276604.3276611,1,1,0,0,0,0,0,0,0
822,45054.214374,1,0,1,0,0,0,0,0,0
823,3445814.3446758,1,1,0,0,0,0,0,0,1
824,2331130.2331135,1,0,1,0,0,0,0,0,0
825,ICSE.2019.00044,1,0,1,0,0,0,0,0,0
826,3368089.3409698,1,1,1,0,0,0,0,0,0
827,3373376.3378452,1,1,0,0,0,0,0,0,0
828,SC.2018.00040,1,0,0,0,0,0,0,0,0
829,3338906.3338949,1,0,0,0,0,0,0,0,0
830,3445814.3446721,1,1,0,0,0,0,0,0,1
831,3437801.3441625,1,0,1,1,0,0,0,0,1
832,3304109.3306233,1,1,0,0,0,0,0,0,0
833,3468264.3468544,1,0,0,0,0,0,0,0,0
834,3385412.3385990,1,1,0,0,0,0,0,0,0
835,3385412.3386030,1,1,0,0,0,0,0,0,0
836,3136014.3136034,1,1,0,0,0,0,0,0,0
837,3368089.3409740,1,1,0,0,0,0,0,0,0
838,SC.2018.00014,1,0,0,0,0,0,0,0,0
839,2559995,1,0,1,0,0,0,0,0,0
840,3453483.3454052,1,1,1,0,0,0,0,0,0
841,1377603.1377610,1,0,1,0,0,0,0,0,0
842,1067967.1067973,1,0,1,0,0,0,0,0,0
843,3338906.3338935,1,0,1,0,0,0,0,0,0
844,3377811.3380424,1,0,1,0,0,0,0,0,0
845,3314221.3314610,1,1,0,0,0,0,0,0,0
846,3447786.3456247,1,1,0,0,0,0,0,0,1
847,3243176.3243209,1,0,1,0,0,0,0,0,1
848,3368089.3409709,1,1,1,0,0,0,0,0,0
849,3229762.3229767,1,0,1,0,0,0,0,0,1
850,3365438.3410962,1,0,1,0,0,0,0,0,0
851,1132973.1132978,1,0,1,0,0,0,0,0,0
852,3395351.3399423,1,1,0,0,0,0,0,0,1
853,1186785.1186789,1,0,1,0,0,0,0,0,0
854,3447786.3456250,1,1,0,0,0,0,0,0,1
855,3368089.3409680,1,1,0,0,0,0,0,0,0
856,317275.317284,1,0,1,0,0,0,0,0,0
857,3468264.3468550,1,1,0,0,0,0,0,0,0
858,3385412.3385962,1,1,1,0,0,0,0,0,0
859,2591006,1,0,1,0,0,0,0,0,0
860,3204949.3204968,1,0,0,0,0,1,0,0,0
861,3377555.3377896,1,1,0,0,0,0,0,0,1
862,3368089.3409708,1,1,1,0,0,0,0,0,0
863,3385412.3386006,1,1,1,0,0,0,0,0,0
864,355972.355983,1,0,1,0,0,0,0,0,0
865,CGO51591.2021.9370308,1,0,1,0,0,0,0,0,0
866,138351.138367,1,0,1,0,0,0,0,0,0
867,1186785.1186792,1,0,1,0,0,0,0,0,0
868,3365438.3410955,1,0,1,0,0,0,0,1,0
869,200979.200986,1,0,1,0,0,0,0,0,0
870,3377811.3380426,1,0,1,0,0,0,0,0,0
871,3236024.3236056,1,1,1,0,0,0,0,0,0
872,138351.138352,1,0,1,0,0,0,0,0,0
873,592843.592847,1,0,1,0,0,0,0,0,0
874,1268769.1268775,1,0,1,0,0,0,0,0,0
875,3377811.3380335,1,0,0,0,0,0,0,0,0
876,3332466.3374548,1,1,0,0,0,0,0,0,1
877,305658.305754,1,0,1,0,0,0,0,0,0
878,2049662.2049667,1,0,1,0,0,0,0,0,0
879,3365438.3410950,1,0,1,0,0,0,0,0,0
880,3377811.3380329,1,0,1,0,0,0,0,0,0
881,6187.6194,1,0,1,0,0,0,0,0,0
882,3119905,1,0,1,0,0,0,0,0,0
883,1486525.1486532,1,0,1,0,0,0,0,0,0
884,1039813.1039819,1,0,1,0,0,0,0,0,0
885,ICSE.2019.00023,1,0,1,0,0,0,0,0,0
886,3200921.3200940,1,1,0,0,0,0,0,0,1
887,114697.116805,1,0,1,0,0,0,0,0,0
888,317275.317282,1,0,1,0,0,0,0,0,0
889,3452296.3472923,1,1,0,0,0,0,0,0,1
890,3365438.3410990,1,0,1,0,0,0,0,0,0
891,357456.357465,1,0,1,0,0,0,0,0,0
892,3445814.3446763,1,0,0,0,0,0,0,0,0
893,1067967.1067971,1,0,1,0,0,0,0,0,0
894,3368089.3409765,1,1,1,0,0,0,0,0,0
895,3453483.3454054,1,1,0,0,0,0,0,0,0
896,3448300.3467822,1,1,0,0,0,0,0,0,1
897,23002.214339,1,0,1,0,0,0,0,0,0
898,3200921.3200926,1,1,0,0,0,0,0,0,1
899,3426425.3426948,1,1,0,0,0,0,0,0,0
900,3236024.3236075,1,1,1,0,0,0,0,0,0
901,3372885.3373829,1,0,0,0,0,0,0,0,0
902,3368089.3409685,1,1,1,0,0,0,0,1,0
903,3339825.3391866,1,0,0,0,0,0,0,0,0
904,3468264.3468605,1,0,1,0,0,0,0,0,0
905,3368089.3409694,1,1,1,0,0,0,0,0,0
906,244768.244791,1,0,1,0,0,0,0,0,0
907,3341301.3359627,1,1,0,0,0,0,0,0,0
908,3276604.3276615,1,1,0,0,0,0,0,0,0
909,3293883.3295710,1,0,1,0,0,0,0,0,1
910,264029.264032,1,0,1,0,0,0,0,0,0
911,3377811.3380399,1,0,1,0,0,0,0,0,0
912,244768.244788,1,0,1,0,0,0,0,0,0
913,1377596.1377602,1,0,1,0,0,0,0,0,0
914,3468264.3468585,1,1,0,0,0,0,0,0,0
915,356056.356065,1,0,1,0,0,0,0,0,0
916,198429.198431,1,0,1,0,0,0,0,0,0
917,3468264.3468593,1,0,1,0,0,0,0,0,0
918,ICSE.2019.00047,1,0,0,0,0,0,0,0,0
919,3395363.3397368,1,1,0,0,0,0,0,0,0
920,SC.2018.00026,1,0,0,0,0,0,0,0,0
921,CGO51591.2021.9370326,1,0,1,0,0,0,0,0,1
922,3377811.3380374,1,0,0,0,0,0,0,0,0
923,3386367.3431296,1,1,0,0,0,0,0,0,0
924,210232.210241,1,0,1,0,0,0,0,0,0
925,3377811.3380370,1,0,1,0,0,0,0,0,0
926,3385412.3385971,1,1,1,0,0,0,0,1,0
927,3452296.3472931,1,0,0,0,0,0,0,0,0
928,2331130.2331136,1,0,1,0,0,0,0,0,0
929,3304109.3325819,1,1,0,0,0,0,0,0,0
930,3373087.3375313,1,1,0,0,0,0,0,0,1
931,347837.347846,1,0,1,0,0,0,0,0,0
932,3377811.3380356,1,0,0,0,0,0,0,0,0
933,326147.326154,1,0,1,0,0,0,0,0,0
934,3278532.3278564,1,1,1,0,0,0,0,0,0
935,3213846.3213871,1,1,0,0,0,0,0,0,0
936,292395.292426,1,0,1,0,0,0,0,0,0
937,3461648.3463854,1,1,0,0,0,0,0,0,0
938,3365438.3410949,1,0,1,0,0,0,0,0,0
939,ICSE.2019.00116,1,0,0,0,0,0,0,0,0
940,3385412.3386016,1,1,1,0,0,0,0,0,0
941,3304109.3306223,1,1,0,0,0,0,0,0,0
942,3168805,1,1,0,0,0,0,0,0,1
943,SC.2018.00042,1,0,0,0,0,0,0,0,0
944,3377811.3380350,1,0,0,0,0,0,0,0,0
945,3368826.3377914,1,0,1,0,0,0,0,0,1
946,3453483.3454080,1,1,1,0,0,0,0,0,0
947,76909.76916,1,0,1,0,0,0,0,0,0
948,3471874.3472983,1,0,0,0,0,0,0,0,0
949,3295500.3356199,1,0,0,0,0,0,0,0,0
950,3453483.3454093,1,1,1,0,0,0,0,0,0
951,3468264.3468577,1,0,0,0,0,0,0,0,0
952,3468264.3473123,1,0,0,0,0,0,0,0,0
953,232826.232853,1,0,1,0,0,0,0,0,0
954,2508435,1,0,1,0,0,0,0,0,0
955,168173.168193,1,0,1,0,0,0,0,0,0
956,3200921.3200922,1,0,1,0,0,0,0,0,0
957,3426425.3426931,1,1,1,0,0,0,0,0,0
958,3445814.3446742,1,1,0,0,0,0,0,0,1
959,3276799.3276800,1,1,0,0,0,0,0,0,0
960,3426425.3426938,1,1,0,0,0,0,0,0,0
961,1186785.1186793,1,0,1,0,0,0,0,0,0
962,ICSE.2019.00035,1,0,1,0,0,0,0,0,0
963,225545.225549,1,0,1,0,0,0,0,0,0
964,3385412.3385964,1,1,0,0,0,0,0,0,0
965,3468264.3468565,1,1,0,0,0,0,0,0,0
966,2049662.2049670,1,0,1,0,0,0,0,0,0
967,3377811.3380427,1,0,0,0,0,0,0,0,0
968,114697.116806,1,0,1,0,0,0,0,0,0
969,210089.210094,1,0,1,0,0,0,0,0,0
970,3368826.3377917,1,1,0,0,0,0,0,0,1
971,1916461.1916471,1,0,1,0,0,0,0,0,0
972,1322436.1322440,1,0,1,0,0,0,0,0,0
973,CGO51591.2021.9370316,1,1,0,0,0,0,0,0,1
974,3453483.3454048,1,1,1,0,0,0,0,0,0
975,3385412.3386028,1,1,1,0,0,0,0,0,0
976,3386367.3431319,1,1,0,0,0,0,0,0,0
977,3368089.3409710,1,1,1,0,0,0,0,0,0
978,3278532.3278536,1,1,1,0,0,0,0,0,0
979,210232.210239,1,0,1,0,0,0,0,0,0
980,3304109.3306226,1,1,0,0,0,0,0,0,0
981,3468264.3468567,1,0,0,0,0,0,0,0,0
982,244768.244790,1,0,1,0,0,0,0,0,0
983,ICSE.2019.00034,1,0,1,0,0,0,0,0,0
984,CGO51591.2021.9370321,1,0,1,0,0,0,0,0,1
985,3384441.3395987,1,1,0,0,0,0,0,0,0
986,3230636,1,0,1,0,0,0,0,0,1
987,ICSE.2019.00028,1,0,1,0,0,0,0,0,0
988,3426425.3426943,1,1,0,0,0,0,0,0,0
989,3213846.3213863,1,0,1,0,0,0,0,0,0
990,3178487.3178513,1,0,1,0,0,0,0,0,1
991,3293883.3295707,1,0,1,0,0,0,0,0,1
992,77626.77627,1,0,1,0,0,0,0,0,0
993,1644001.1644013,1,0,1,0,0,0,0,0,0
994,3326168,1,0,0,0,0,0,0,0,1
995,3445814.3446691,1,1,0,0,0,0,0,0,1
996,3460319.3464816,1,0,0,0,0,0,0,0,0
997,ICSE.2019.00026,1,0,0,0,0,0,0,0,0
998,1114268.1114276,1,0,1,0,0,0,0,0,0
999,356012.356016,1,0,1,0,0,0,0,0,0
1000,77626.77630,1,0,1,0,0,0,0,0,0
1001,3437992.3439922,1,0,0,0,0,0,0,0,0
1002,356012.356015,1,0,1,0,0,0,0,0,0
1003,1391989.1404582,1,0,1,0,0,0,0,0,0
1004,1186785.1186794,1,0,1,0,0,0,0,0,0
1005,3437801.3441612,1,0,1,0,0,0,0,0,1
1006,3377811.3380364,1,0,1,0,0,0,0,0,0
1007,3281411.3281423,1,0,0,0,0,0,0,0,0
1008,3460319.3464799,1,0,0,0,0,0,0,0,0
1009,3316482.3326354,1,1,0,0,0,0,0,0,0
1010,3357766.3359540,1,1,0,0,0,0,0,0,0
1011,3460319.3464820,1,0,0,0,0,0,0,0,0
1012,3452296.3472919,1,1,0,0,0,0,0,0,1
1013,3236024.3236037,1,1,1,0,0,0,0,0,0
1014,3427921.3450251,1,1,0,0,0,0,0,0,0
1015,3229762.3229765,1,0,1,0,0,0,0,0,1
1016,78928.78931,1,0,1,0,0,0,0,0,0
1017,3471874.3472987,1,0,0,0,0,0,0,0,0
1018,3437801.3441610,1,1,0,0,0,0,0,0,1
1019,3377811.3380439,1,0,0,0,0,0,0,0,0
1020,3426425.3426947,1,1,0,0,0,0,0,0,0
1021,2513109.2513115,1,0,1,0,0,0,0,0,0
1022,ICSE.2019.00086,1,0,0,0,0,0,0,0,0
1023,CGO51591.2021.9370311,1,1,0,0,0,0,0,0,0
1024,3238147.3238195,1,0,0,0,0,0,0,0,0
1025,1055531.1055539,1,0,1,0,0,0,0,0,0
1026,3452296.3472914,1,1,0,0,0,0,0,0,0
1027,76909.76914,1,0,1,0,0,0,0,0,0
1028,3092892,1,0,1,0,0,0,0,0,0
1029,50063.51907,1,0,1,0,0,0,0,0,0
1030,3373376.3378481,1,1,0,0,0,0,0,0,0
1031,2699468,1,0,1,0,0,0,0,0,0
1032,3304109.3325815,1,1,0,0,0,0,0,0,0
1033,3274808.3274811,1,1,1,0,0,0,0,0,0
1034,2331130.2331138,1,0,1,0,0,0,0,0,0
1035,3386367.3432728,1,0,0,0,0,0,0,0,0
1036,3316482.3326356,1,1,0,0,0,0,0,0,1
1037,3072959.2990496,1,0,0,0,0,0,0,0,0
1038,2701.2772,1,0,1,0,0,0,0,0,0
1039,3445814.3446744,1,1,0,1,0,0,0,0,1
1040,3095815,1,0,0,0,0,0,0,0,0
1041,3192366.3192420,1,1,0,0,0,0,0,0,0
1042,3447786.3456234,1,1,0,0,0,0,0,0,1
1043,76909.76913,1,0,1,0,0,0,0,0,0
1044,3395351.3399353,1,1,0,0,0,0,0,0,1
1045,3461648.3463848,1,0,1,0,0,0,0,0,1
1046,3461001.3471142,1,1,0,0,0,0,0,0,0
1047,3406088.3409022,1,0,0,0,0,0,0,0,0
1048,CGO51591.2021.9370312,1,0,1,0,0,0,0,0,1
1049,2427023.2427031,1,0,1,0,0,0,0,0,0
1050,3368089.3409744,1,1,1,0,0,0,0,0,0
1051,ICSE.2019.00104,1,0,1,0,0,0,0,0,0
1052,356068.356077,1,0,1,0,0,0,0,0,0
1053,3168810,1,0,1,0,0,0,0,0,1
1054,3460319.3464844,1,0,1,0,0,0,0,0,0
1055,3460319.3464825,1,0,1,0,0,0,0,0,0
1056,3468264.3468623,1,1,0,0,0,0,0,1,0
1057,3437801.3441596,1,1,0,0,0,0,0,0,1
1058,317275.317286,1,0,1,0,0,0,0,0,0
1059,210232.210234,1,0,1,0,0,0,0,0,0
1060,3204949.3204963,1,0,0,0,0,0,0,0,0
1061,1186785.1186791,1,0,1,0,0,0,0,0,0
1062,3368089.3409730,1,1,0,0,0,0,0,0,0
1063,2658992,1,0,1,0,0,0,0,0,0
1064,3395363.3397379,1,1,1,0,0,0,0,0,0
1065,3385412.3386024,1,1,1,0,0,0,0,0,0
1066,3338906.3338920,1,0,1,0,0,0,0,1,0
1067,3453483.3454089,1,1,1,0,0,0,0,0,0
1068,3329722.3330146,1,0,0,0,0,0,0,0,0
1069,3460319.3464800,1,0,0,0,0,0,0,0,0
1070,1486525.1486530,1,0,1,0,0,0,0,0,0
1071,1824801.1824811,1,0,1,0,0,0,0,0,0
1072,3293883.3295705,1,0,1,0,0,0,0,0,1
1073,3452296.3472936,1,1,0,0,0,0,0,0,1
1074,3437801.3441591,1,0,1,0,0,0,0,0,1
1075,3468264.3468546,1,1,0,0,0,0,0,0,0
1076,225545.225546,1,0,1,0,0,0,0,0,0
1077,3453483.3454058,1,1,1,0,0,0,0,0,0
1078,3386367.3431291,1,1,1,0,0,0,0,0,0
1079,229473.229474,1,0,1,0,0,0,0,0,0
1080,3384441.3395973,1,0,0,0,0,0,0,0,0
1081,CGO51591.2021.9370324,1,1,0,0,0,0,0,0,1
1082,3377811.3380363,1,0,1,0,0,0,0,0,0
1083,3468264.3468531,1,0,1,0,0,0,0,0,0
1084,23002.214338,1,0,1,0,0,0,0,0,0
1085,ICSE.2019.00045,1,0,1,0,0,0,0,0,0
1086,3368089.3409683,1,0,0,0,0,0,0,0,0
1087,3426425.3426942,1,1,0,0,0,0,0,0,0
1088,3229762.3229763,1,0,1,0,0,0,0,0,1
1089,3009968,1,0,1,0,0,0,0,0,0
1090,ICSE.2019.00033,1,0,0,0,0,0,0,0,0
1091,1271.319416,1,0,1,0,0,0,0,0,0
1092,290200.287638,1,0,1,0,0,0,0,0,0
1093,992200.992209,1,0,1,0,0,0,0,0,0
1094,3339825.3394933,1,0,0,0,0,0,0,0,0
1095,1916461.1916469,1,0,1,0,0,0,0,0,0
1096,3192366.3192416,1,1,0,0,0,0,0,0,0
1097,3368089.3409764,1,1,0,0,0,0,0,0,0
1098,3167086,1,0,0,0,0,0,0,0,0
1099,131766.131776,1,0,1,0,0,0,0,0,0
1100,3338906.3338915,1,0,0,0,0,0,0,0,0
1101,3339825.3394932,1,0,0,0,0,0,0,0,0
1102,3204949.3204966,1,0,0,0,0,0,0,0,0
1103,1377603.1377611,1,0,1,0,0,0,0,0,0
1104,3293883.3295732,1,1,0,0,0,0,0,0,1
1105,2616588,1,0,1,0,0,0,0,0,0
1106,3447786.3456240,1,0,0,0,0,0,0,0,0
